imdbID,original title,year,top 250 rank,rating,runtime,box office,metascore,genres
0111161,The Shawshank Redemption,1994,1,9.3,['142'],"{'Budget': '$25,000,000 (estimated)', 'Opening Weekend United States': '$727,326, 20 Nov 1994', 'Cumulative Worldwide Gross': '$58,500,000'}",81,['Drama']
0068646,The Godfather,1972,2,9.2,['175'],"{'Budget': '$6,000,000 (estimated)', 'Opening Weekend United States': '$223,758, 04 Apr 1997', 'Cumulative Worldwide Gross': '$245,066,411'}",100,"['Crime', 'Drama']"
0468569,The Dark Knight,2008,3,9.0,['152'],"{'Budget': '$185,000,000 (estimated)', 'Opening Weekend United States': '$158,411,483, 20 Jul 2008', 'Cumulative Worldwide Gross': '$1,004,558,444, 19 Jul 2012'}",84,"['Action', 'Crime', 'Drama', 'Thriller']"
0071562,The Godfather Part II,1974,4,9.0,['202'],"{'Budget': '$13,000,000 (estimated)'}",90,"['Crime', 'Drama']"
0050083,12 Angry Men,1957,5,9.0,['96'],"{'Budget': '$350,000 (estimated)'}",96,"['Crime', 'Drama']"
0108052,Schindler's List,1993,6,9.0,['195'],"{'Budget': '$22,000,000 (estimated)', 'Opening Weekend United States': '$566,760, 09 Dec 2018', 'Cumulative Worldwide Gross': '$221,000,000'}",94,"['Biography', 'Drama', 'History']"
0167260,The Lord of the Rings: The Return of the King,2003,7,9.0,['201'],"{'Budget': '$94,000,000 (estimated)', 'Opening Weekend New Zealand': 'NZD2,609,992, 21 Dec 2003', 'Cumulative Worldwide Gross': '$1,119,929,521, 25 Nov 2011'}",94,"['Action', 'Adventure', 'Drama', 'Fantasy']"
0110912,Pulp Fiction,1994,8,8.9,['154'],"{'Budget': '$8,000,000 (estimated)', 'Opening Weekend United States': '$9,311,882, 14 Oct 1994', 'Cumulative Worldwide Gross': '$213,928,762'}",94,"['Crime', 'Drama']"
0120737,The Lord of the Rings: The Fellowship of the Ring,2001,9,8.8,['178'],"{'Budget': '$93,000,000 (estimated)', 'Opening Weekend New Zealand': 'NZD2,945,822, 26 Dec 2001', 'Cumulative Worldwide Gross': '$871,530,324, 25 Nov 2011'}",92,"['Action', 'Adventure', 'Drama', 'Fantasy']"
0060196,"Il buono, il brutto, il cattivo",1966,10,8.8,['161'],"{'Budget': '$1,200,000 (estimated)'}",90,"['Adventure', 'Western']"
0109830,Forrest Gump,1994,11,8.8,['142'],"{'Budget': '$55,000,000 (estimated)', 'Opening Weekend United States': '$24,450,602, 10 Jul 1994', 'Cumulative Worldwide Gross': '$677,945,399'}",82,"['Drama', 'Romance']"
0137523,Fight Club,1999,12,8.8,['139'],"{'Budget': '$63,000,000 (estimated)', 'Cumulative Worldwide Gross': '$71,000,000'}",66,['Drama']
0167261,The Lord of the Rings: The Two Towers,2002,13,8.8,['179'],"{'Budget': '$94,000,000 (estimated)', 'Opening Weekend New Zealand': 'NZD3,004,178, 25 Dec 2002', 'Cumulative Worldwide Gross': '$926,047,111, 25 Nov 2011'}",87,"['Action', 'Adventure', 'Drama', 'Fantasy']"
1375666,Inception,2010,14,8.8,['148'],"{'Budget': '$160,000,000 (estimated)', 'Opening Weekend United States': '$62,785,337, 18 Jul 2010', 'Cumulative Worldwide Gross': '$825,532,764, 06 Jan 2011'}",74,"['Action', 'Adventure', 'Sci-Fi', 'Thriller']"
0080684,The Empire Strikes Back,1980,15,8.7,['124'],"{'Budget': '$33,000,000 (estimated)', 'Opening Weekend United States': '$10,840,307, 30 Jun 2012', 'Cumulative Worldwide Gross': '$247,916,602'}",82,"['Action', 'Adventure', 'Fantasy', 'Sci-Fi']"
0133093,The Matrix,1999,16,8.7,['136'],"{'Budget': '$63,000,000 (estimated)', 'Opening Weekend United States': '$27,788,331, 04 Apr 1999', 'Cumulative Worldwide Gross': '$463,517,383'}",73,"['Action', 'Sci-Fi']"
0099685,Goodfellas,1990,17,8.7,['145'],"{'Budget': '$25,000,000 (estimated)', 'Opening Weekend United States': '$6,368,901, 21 Sep 1990'}",90,"['Biography', 'Crime', 'Drama']"
0073486,One Flew Over the Cuckoo's Nest,1975,18,8.7,['133'],"{'Budget': '$4,400,000 (estimated)', 'Opening Weekend United States': '$99,761, 23 Nov 1975', 'Cumulative Worldwide Gross': '$11,930,050'}",84,['Drama']
0114369,Se7en,1995,19,8.6,['127'],"{'Budget': '$33,000,000 (estimated)', 'Opening Weekend United States': '$13,949,807, 24 Sep 1995', 'Cumulative Worldwide Gross': '$327,311,859'}",65,"['Crime', 'Drama', 'Mystery', 'Thriller']"
0047478,Shichinin no samurai,1954,20,8.6,['207'],"{'Budget': '$2,000,000 (estimated)'}",98,"['Action', 'Drama']"
0038650,It's a Wonderful Life,1946,21,8.6,['130'],"{'Budget': '$3,180,000 (estimated)'}",89,"['Drama', 'Family', 'Fantasy', 'Romance']"
0102926,The Silence of the Lambs,1991,22,8.6,['118'],"{'Budget': '$19,000,000 (estimated)', 'Opening Weekend United States': '$13,766,814, 15 Feb 1991', 'Cumulative Worldwide Gross': '$272,742,922'}",85,"['Crime', 'Drama', 'Thriller']"
0317248,Cidade de Deus,2002,23,8.6,['130'],"{'Budget': 'BRL3,300,000 (estimated)', 'Opening Weekend Brazil': '$541,996, 30 Aug 2002', 'Cumulative Worldwide Gross': '$32,059,295'}",79,"['Crime', 'Drama']"
0120815,Saving Private Ryan,1998,24,8.6,['169'],"{'Budget': '$70,000,000 (estimated)', 'Opening Weekend United States': '$30,576,104, 26 Jul 1998', 'Cumulative Worldwide Gross': '$481,840,909, 15 Jun 2012'}",91,"['Drama', 'War']"
0118799,La vita è bella,1997,25,8.6,['116'],"{'Budget': '$20,000,000 (estimated)', 'Cumulative Worldwide Gross': '$229,163,264, 30 Jun 2012'}",59,"['Comedy', 'Drama', 'Romance', 'War']"
0816692,Interstellar,2014,26,8.6,['169'],"{'Budget': '$165,000,000 (estimated)', 'Opening Weekend United States': '$47,510,360, 05 Nov 2014', 'Cumulative Worldwide Gross': '$675,020,017'}",74,"['Adventure', 'Drama', 'Sci-Fi']"
0120689,The Green Mile,1999,27,8.6,['189'],"{'Budget': '$60,000,000 (estimated)', 'Opening Weekend United States': '$18,017,152, 12 Dec 1999', 'Cumulative Worldwide Gross': '$286,801,374'}",61,"['Crime', 'Drama', 'Fantasy', 'Mystery']"
0076759,Star Wars,1977,28,8.6,['121'],"{'Budget': '$11,000,000 (estimated)', 'Opening Weekend United States': '$35,906,661, 02 Feb 1997', 'Cumulative Worldwide Gross': '$775,398,007, 25 Nov 2011'}",90,"['Action', 'Adventure', 'Fantasy', 'Sci-Fi']"
0103064,Terminator 2: Judgment Day,1991,29,8.6,['137'],"{'Budget': '$102,000,000 (estimated)', 'Opening Weekend United States': '$31,765,506, 07 Jul 1991', 'Cumulative Worldwide Gross': '$315,000,000'}",75,"['Action', 'Sci-Fi']"
0088763,Back to the Future,1985,30,8.5,['116'],"{'Budget': '$19,000,000 (estimated)', 'Opening Weekend United States': '$11,332,134, 07 Jul 1985', 'Cumulative Worldwide Gross': '$381,109,762'}",87,"['Adventure', 'Comedy', 'Sci-Fi']"
0245429,Sen to Chihiro no kamikakushi,2001,31,8.6,['125'],"{'Budget': '$19,000,000 (estimated)', 'Opening Weekend Japan': '$8,898,000, 29 Jul 2002', 'Cumulative Worldwide Gross': '$274,925,095'}",96,"['Animation', 'Adventure', 'Family', 'Fantasy', 'Mystery']"
0054215,Psycho,1960,32,8.5,['109'],"{'Budget': '$806,947 (estimated)'}",97,"['Horror', 'Mystery', 'Thriller']"
0253474,The Pianist,2002,33,8.5,['150'],"{'Budget': '$35,000,000 (estimated)', 'Opening Weekend France': '$1,949,422, 27 Sep 2002', 'Cumulative Worldwide Gross': '$120,072,577'}",85,"['Biography', 'Drama', 'Music', 'War']"
6751668,Gisaengchung,2019,34,8.5,['132'],"{'Cumulative Worldwide Gross': '$269,366,141'}",96,"['Drama', 'Thriller']"
0110413,Léon,1994,35,8.5,['110'],"{'Budget': 'FRF115,000,000 (estimated)', 'Cumulative Worldwide Gross': '$45,501,238'}",64,"['Action', 'Crime', 'Drama', 'Thriller']"
0110357,The Lion King,1994,36,8.5,['88'],"{'Budget': '$45,000,000 (estimated)', 'Opening Weekend United States': '$40,888,194, 12 Nov 2013', 'Cumulative Worldwide Gross': '$968,483,777'}",88,"['Animation', 'Adventure', 'Drama', 'Family', 'Musical']"
0172495,Gladiator,2000,37,8.5,['155'],"{'Budget': '$103,000,000 (estimated)', 'Opening Weekend United States': '$34,819,017, 07 May 2000', 'Cumulative Worldwide Gross': '$457,640,427, 28 Feb 2012'}",67,"['Action', 'Adventure', 'Drama']"
0120586,American History X,1998,38,8.5,['119'],"{'Budget': '$7,500,000 (estimated)', 'Opening Weekend United States': '$1,340,166, 22 Nov 1998', 'Cumulative Worldwide Gross': '$23,875,127'}",62,"['Crime', 'Drama']"
0407887,The Departed,2006,39,8.5,['151'],"{'Budget': '$90,000,000 (estimated)', 'Opening Weekend United States': '$26,887,467, 08 Oct 2006', 'Cumulative Worldwide Gross': '$289,847,354'}",85,"['Crime', 'Drama', 'Thriller']"
0114814,The Usual Suspects,1995,40,8.5,['106'],"{'Budget': '$6,000,000 (estimated)', 'Opening Weekend United States': '$645,363, 20 Aug 1995', 'Cumulative Worldwide Gross': '$34,449,356'}",77,"['Crime', 'Drama', 'Mystery', 'Thriller']"
0482571,The Prestige,2006,41,8.5,['130'],"{'Budget': '$40,000,000 (estimated)', 'Opening Weekend United Kingdom': 'GBP1,184,996, 12 Nov 2006', 'Cumulative Worldwide Gross': '$109,676,311, 08 Feb 2007'}",66,"['Drama', 'Mystery', 'Sci-Fi', 'Thriller']"
2582802,Whiplash,2014,42,8.5,['106'],"{'Budget': '$3,300,000 (estimated)', 'Opening Weekend United States': '$135,388, 10 Oct 2014', 'Cumulative Worldwide Gross': '$48,982,041'}",89,"['Drama', 'Music']"
0034583,Casablanca,1942,43,8.5,['102'],"{'Budget': '$950,000 (estimated)', 'Opening Weekend United States': '$181,494, 12 Apr 1992'}",100,"['Drama', 'Romance', 'War']"
0056058,Seppuku,1962,44,8.6,['133'],,85,"['Action', 'Drama', 'Mystery']"
0095327,Hotaru no haka,1988,45,8.5,['89'],"{'Budget': '$3,700,000 (estimated)', 'Cumulative Worldwide Gross': '$25,220,794'}",94,"['Animation', 'Drama', 'War']"
1675434,Intouchables,2011,46,8.5,['112'],"{'Budget': 'EUR9,500,000 (estimated)', 'Opening Weekend France': 'EUR10,675,385, 06 Nov 2011', 'Cumulative Worldwide Gross': '$426,480,871'}",57,"['Biography', 'Comedy', 'Drama']"
0027977,Modern Times,1936,47,8.5,['87'],"{'Budget': '$1,500,000 (estimated)', 'Opening Weekend United States': '$11,507, 09 Jan 2004'}",96,"['Comedy', 'Drama', 'Romance']"
0064116,C'era una volta il West,1968,48,8.5,['165'],"{'Budget': '$5,000,000 (estimated)'}",80,['Western']
0047396,Rear Window,1954,49,8.5,['112'],"{'Budget': '$1,000,000 (estimated)', 'Opening Weekend United States': '$15,172, 23 Jan 2000', 'Cumulative Worldwide Gross': '$36,888,916'}",100,"['Mystery', 'Thriller']"
0095765,Nuovo Cinema Paradiso,1988,50,8.5,['155'],"{'Budget': '$5,000,000 (estimated)'}",80,"['Drama', 'Romance']"
0078748,Alien,1979,51,8.5,['117'],"{'Budget': '$11,000,000 (estimated)', 'Opening Weekend United Kingdom': 'GBP208,081, 02 Nov 2003', 'Cumulative Worldwide Gross': '$203,630,630'}",89,"['Horror', 'Sci-Fi']"
0021749,City Lights,1931,52,8.5,['87'],"{'Budget': '$1,500,000 (estimated)'}",99,"['Comedy', 'Drama', 'Romance']"
0078788,Apocalypse Now,1979,53,8.5,['147'],"{'Budget': '$31,500,000 (estimated)', 'Opening Weekend United States': '$96,992, 05 Aug 2001'}",94,"['Drama', 'Mystery', 'War']"
0209144,Memento,2000,54,8.4,['113'],"{'Budget': '$9,000,000 (estimated)', 'Opening Weekend United States': '$235,488, 18 Mar 2001', 'Cumulative Worldwide Gross': '$39,723,096'}",80,"['Mystery', 'Thriller']"
0082971,Raiders of the Lost Ark,1981,55,8.4,['115'],"{'Budget': '$20,000,000 (estimated)', 'Opening Weekend United States': '$1,673,731, 09 Sep 2012', 'Cumulative Worldwide Gross': '$389,925,971'}",85,"['Action', 'Adventure']"
1853728,Django Unchained,2012,56,8.4,['165'],"{'Budget': '$100,000,000 (estimated)', 'Opening Weekend United States': '$30,688,000, 30 Dec 2012', 'Cumulative Worldwide Gross': '$425,368,238'}",81,"['Drama', 'Western']"
0910970,WALL·E,2008,57,8.4,['98'],"{'Budget': '$180,000,000 (estimated)', 'Opening Weekend United States': '$63,087,526, 29 Jun 2008', 'Cumulative Worldwide Gross': '$534,767,889, 22 Mar 2009'}",95,"['Animation', 'Adventure', 'Family', 'Sci-Fi']"
0405094,Das Leben der Anderen,2006,58,8.4,['137'],"{'Budget': '$2,000,000 (estimated)', 'Opening Weekend Germany': 'EUR814,337, 26 Mar 2006', 'Cumulative Worldwide Gross': '$77,356,819, 01 Feb 2009'}",89,"['Drama', 'Mystery', 'Thriller']"
0043014,Sunset Blvd.,1950,59,8.4,['110'],"{'Budget': '$1,752,000 (estimated)', 'Cumulative Worldwide Gross': '$5,303,175'}",,"['Drama', 'Film-Noir']"
0050825,Paths of Glory,1957,60,8.4,['88'],"{'Budget': '$935,000 (estimated)', 'Cumulative Worldwide Gross': '$2,092,959'}",90,"['Drama', 'War']"
0081505,The Shining,1980,61,8.4,['146'],"{'Budget': '$19,000,000 (estimated)', 'Opening Weekend United Kingdom': 'GBP709,762, 03 Oct 1980', 'Cumulative Worldwide Gross': '$17,469,946'}",66,"['Drama', 'Horror']"
0032553,The Great Dictator,1940,62,8.4,['125'],"{'Budget': '$2,000,000 (estimated)'}",,"['Comedy', 'Drama', 'War']"
4154756,Avengers: Infinity War,2018,63,8.4,['149'],"{'Budget': '$321,000,000 (estimated)', 'Opening Weekend United States': '$257,698,183, 29 Apr 2018', 'Cumulative Worldwide Gross': '$2,048,709,917'}",68,"['Action', 'Adventure', 'Sci-Fi']"
0051201,Witness for the Prosecution,1957,64,8.4,['116'],"{'Budget': '$3,000,000 (estimated)', 'Cumulative Worldwide Gross': '$16,350,000'}",76,"['Crime', 'Drama', 'Mystery', 'Thriller']"
0090605,Aliens,1986,65,8.4,['137'],"{'Budget': '$18,500,000 (estimated)', 'Cumulative Worldwide Gross': '$131,060,248'}",84,"['Action', 'Adventure', 'Sci-Fi', 'Thriller']"
4633694,Spider-Man: Into the Spider-Verse,2018,66,8.4,['117'],"{'Budget': '$90,000,000 (estimated)', 'Opening Weekend United States': '$35,363,376, 16 Dec 2018', 'Cumulative Worldwide Gross': '$375,540,831'}",87,"['Animation', 'Action', 'Adventure', 'Comedy', 'Family', 'Fantasy', 'Sci-Fi']"
0169547,American Beauty,1999,67,8.4,['122'],"{'Budget': '$15,000,000 (estimated)', 'Opening Weekend United States': '$861,531, 19 Sep 1999', 'Cumulative Worldwide Gross': '$226,200,000'}",84,['Drama']
0057012,Dr. Strangelove or: How I Learned to Stop Worrying and Love the Bomb,1964,68,8.4,['95'],"{'Budget': '$1,800,000 (estimated)'}",97,"['Comedy', 'War']"
1345836,The Dark Knight Rises,2012,69,8.4,['164'],"{'Budget': '$250,000,000 (estimated)', 'Opening Weekend United States': '$160,887,295, 22 Jul 2012', 'Cumulative Worldwide Gross': '$1,084,939,099'}",78,"['Action', 'Drama']"
0364569,Oldeuboi,2003,70,8.4,['120'],"{'Budget': '$3,000,000 (estimated)', 'Cumulative Worldwide Gross': '$14,980,005'}",77,"['Action', 'Drama', 'Mystery', 'Thriller']"
0086879,Amadeus,1984,71,8.4,['160'],"{'Budget': '$18,000,000 (estimated)', 'Opening Weekend United States': '$86,764, 07 Apr 2002'}",88,"['Biography', 'Drama', 'Music']"
0361748,Inglourious Basterds,2009,72,8.3,['153'],"{'Budget': '$75,000,000 (estimated)', 'Opening Weekend Germany': 'EUR2,954,937, 23 Aug 2009', 'Cumulative Worldwide Gross': '$313,600,000'}",69,"['Adventure', 'Drama', 'War']"
7286456,Joker,2019,73,8.4,['122'],"{'Budget': '$55,000,000 (estimated)', 'Opening Weekend United States': '$96,202,337, 06 Oct 2019', 'Cumulative Worldwide Gross': '$1,074,251,311'}",59,"['Crime', 'Drama', 'Thriller']"
2380307,Coco,2017,74,8.4,['105'],"{'Budget': '$175,000,000 (estimated)', 'Opening Weekend United States': '$50,802,605, 26 Nov 2017', 'Cumulative Worldwide Gross': '$807,082,196'}",81,"['Animation', 'Adventure', 'Comedy', 'Family', 'Fantasy', 'Music', 'Mystery']"
0114709,Toy Story,1995,75,8.3,['81'],"{'Budget': '$30,000,000 (estimated)', 'Opening Weekend United States': '$12,491,789, 04 Oct 2009', 'Cumulative Worldwide Gross': '$373,554,033'}",95,"['Animation', 'Adventure', 'Comedy', 'Family', 'Fantasy']"
0112573,Braveheart,1995,76,8.4,['178'],"{'Budget': '$53,000,000 (estimated)', 'Opening Weekend United States': '$9,938,276, 31 Jul 2012', 'Cumulative Worldwide Gross': '$210,409,945, 31 May 2012'}",68,"['Biography', 'Drama', 'History', 'War']"
0082096,Das Boot,1981,77,8.4,['149'],"{'Budget': '$14,000,000 (estimated)', 'Cumulative Worldwide Gross': '$73,482,661'}",86,"['Drama', 'War']"
4154796,Avengers: Endgame,2019,78,8.4,['181'],"{'Budget': '$356,000,000 (estimated)', 'Opening Weekend United States': '$357,115,007, 28 Apr 2019', 'Cumulative Worldwide Gross': '$2,797,800,564'}",78,"['Action', 'Adventure', 'Drama', 'Sci-Fi']"
0119698,Mononoke-hime,1997,79,8.4,['134'],"{'Budget': 'JPY2,400,000,000 (estimated)', 'Cumulative Worldwide Gross': '$159,375,308'}",76,"['Animation', 'Action', 'Adventure', 'Fantasy']"
0087843,Once Upon a Time in America,1984,80,8.3,['229'],"{'Budget': '$30,000,000 (estimated)', 'Cumulative Worldwide Gross': '$8,157,411'}",75,"['Crime', 'Drama']"
0119217,Good Will Hunting,1997,81,8.3,['126'],"{'Budget': '$10,000,000 (estimated)', 'Opening Weekend United States': '$10,261,471, 11 Jan 1998', 'Cumulative Worldwide Gross': '$225,933,435'}",70,"['Drama', 'Romance']"
5311514,Kimi no Na wa.,2016,82,8.4,['106'],"{'Budget': 'JPY370,000,000 (estimated)', 'Cumulative Worldwide Gross': '$357,986,087'}",79,"['Animation', 'Drama', 'Fantasy', 'Romance']"
1745960,Top Gun: Maverick,2022,83,8.4,['130'],"{'Budget': '$170,000,000 (estimated)'}",78,"['Action', 'Drama']"
0180093,Requiem for a Dream,2000,84,8.3,['102'],"{'Budget': '$4,500,000 (estimated)', 'Opening Weekend United States': '$64,770, 08 Oct 2000', 'Cumulative Worldwide Gross': '$7,390,108'}",68,['Drama']
1187043,3 Idiots,2009,85,8.4,['170'],"{'Budget': 'INR550,000,000 (estimated)', 'Opening Weekend India': 'INR379,600,000, 24 Dec 2009', 'Cumulative Worldwide Gross': '$80,000,000, 07 Mar 2010'}",67,"['Comedy', 'Drama']"
0045152,Singin' in the Rain,1952,86,8.3,['103'],"{'Budget': '$2,540,800 (estimated)', 'Cumulative Worldwide Gross': '$13,979,088'}",99,"['Comedy', 'Musical', 'Romance']"
0435761,Toy Story 3,2010,87,8.3,['103'],"{'Budget': '$190,000,000 (estimated)', 'Opening Weekend United States': '$110,307,189, 20 Jun 2010', 'Cumulative Worldwide Gross': '$1,068,879,522, 01 Jun 2012'}",92,"['Animation', 'Adventure', 'Comedy', 'Family', 'Fantasy']"
0057565,Tengoku to jigoku,1963,88,8.4,['143'],,90,"['Crime', 'Drama', 'Mystery', 'Thriller']"
0086190,Star Wars: Episode VI - Return of the Jedi,1983,89,8.3,['131'],"{'Budget': '$32,500,000 (estimated)', 'Opening Weekend United States': '$16,293,531, 16 Mar 1997', 'Cumulative Worldwide Gross': '$165,800,000'}",58,"['Action', 'Adventure', 'Fantasy', 'Sci-Fi']"
8267604,Capharnaüm,2018,90,8.4,['126'],"{'Budget': '$4,000,000 (estimated)', 'Cumulative Worldwide Gross': '$65,814,181'}",75,['Drama']
0062622,2001: A Space Odyssey,1968,91,8.3,['149'],"{'Budget': '$12,000,000 (estimated)', 'Opening Weekend United Kingdom': 'GBP69,567, 30 Nov 2014', 'Cumulative Worldwide Gross': '$190,700,000'}",84,"['Adventure', 'Sci-Fi']"
0338013,Eternal Sunshine of the Spotless Mind,2004,92,8.3,['108'],"{'Budget': '$20,000,000 (estimated)', 'Opening Weekend United States': '$8,175,198, 21 Mar 2004', 'Cumulative Worldwide Gross': '$73,169,222'}",89,"['Drama', 'Romance', 'Sci-Fi']"
0105236,Reservoir Dogs,1992,93,8.3,['99'],"{'Budget': '$1,200,000 (estimated)', 'Opening Weekend United States': '$147,839, 25 Oct 1992', 'Cumulative Worldwide Gross': '$14,831,693'}",79,"['Crime', 'Thriller']"
2106476,Jagten,2012,94,8.3,['115'],"{'Budget': '$3,800,000 (estimated)', 'Cumulative Worldwide Gross': '$18,309,793'}",77,['Drama']
0091251,Idi i smotri,1985,95,8.4,['142'],,,"['Drama', 'Thriller', 'War']"
0033467,Citizen Kane,1941,96,8.3,['119'],"{'Budget': '$839,727 (estimated)', 'Opening Weekend United States': '$216,239, 05 May 1991'}",100,"['Drama', 'Mystery']"
0022100,M - Eine Stadt sucht einen Mörder,1931,97,8.3,['117'],,,"['Crime', 'Mystery', 'Thriller']"
0056172,Lawrence of Arabia,1962,98,8.3,['218'],"{'Budget': '$15,000,000 (estimated)', 'Cumulative Worldwide Gross': '$77,324,144'}",100,"['Adventure', 'Biography', 'Drama', 'War']"
0053125,North by Northwest,1959,99,8.3,['136'],"{'Budget': '$3,101,000 (estimated)', 'Cumulative Worldwide Gross': '$22,213,000'}",98,"['Action', 'Adventure', 'Mystery', 'Thriller']"
0052357,Vertigo,1958,100,8.3,['128'],"{'Budget': '$2,479,000 (estimated)', 'Opening Weekend United States': '$1,486,818, 22 Nov 1996'}",100,"['Mystery', 'Romance', 'Thriller']"
0211915,Le fabuleux destin d'Amélie Poulain,2001,101,8.3,['122'],"{'Budget': 'FRF77,000,000 (estimated)', 'Opening Weekend France': '$496,031, 10 Aug 2001', 'Cumulative Worldwide Gross': '$173,921,954'}",69,"['Comedy', 'Romance']"
0066921,A Clockwork Orange,1971,102,8.3,['136'],"{'Budget': '$2,200,000 (estimated)', 'Opening Weekend United Kingdom': 'GBP618,615, 19 Mar 2000'}",77,"['Crime', 'Sci-Fi']"
0053604,The Apartment,1960,103,8.3,['125'],"{'Budget': '$3,000,000 (estimated)'}",94,"['Comedy', 'Drama', 'Romance']"
0044741,Ikiru,1952,104,8.3,['143'],"{'Cumulative Worldwide Gross': '$79,298'}",91,['Drama']
0036775,Double Indemnity,1944,105,8.3,['107'],"{'Budget': '$927,262 (estimated)', 'Cumulative Worldwide Gross': '$95,249'}",95,"['Crime', 'Drama', 'Film-Noir', 'Mystery', 'Thriller']"
0093058,Full Metal Jacket,1987,106,8.3,['116'],"{'Budget': '$17,000,000 (estimated)'}",76,"['Drama', 'War']"
8503618,Hamilton,2020,107,8.4,['160'],,89,"['Biography', 'Drama', 'History', 'Musical']"
0086250,Scarface,1983,108,8.3,['170'],"{'Budget': '$25,000,000 (estimated)', 'Opening Weekend United States': '$242,821, 21 Sep 2003', 'Cumulative Worldwide Gross': '$65,884,703'}",65,"['Crime', 'Drama']"
0056592,To Kill a Mockingbird,1962,109,8.3,['129'],"{'Budget': '$2,000,000 (estimated)'}",88,"['Crime', 'Drama']"
0070735,The Sting,1973,110,8.3,['129'],"{'Budget': '$5,500,000 (estimated)', 'Cumulative Worldwide Gross': '$8,299,101'}",83,"['Comedy', 'Crime', 'Drama']"
1255953,Incendies,2010,111,8.3,['131'],"{'Budget': '$6,800,000 (estimated)', 'Opening Weekend Canada': 'CAD177,910, 19 Sep 2010', 'Cumulative Worldwide Gross': '$12,597,210'}",80,"['Drama', 'Mystery']"
1049413,Up,2009,112,8.3,['96'],"{'Budget': '$175,000,000 (estimated)', 'Opening Weekend United States': '$68,108,790, 31 May 2009', 'Cumulative Worldwide Gross': '$731,342,744, 25 Nov 2011'}",88,"['Animation', 'Adventure', 'Comedy', 'Drama', 'Family']"
0113277,Heat,1995,113,8.3,['170'],"{'Budget': '$60,000,000 (estimated)', 'Opening Weekend United States': '$8,445,656, 17 Dec 1995', 'Cumulative Worldwide Gross': '$120,000,000'}",76,"['Action', 'Crime', 'Drama']"
0075314,Taxi Driver,1976,114,8.2,['114'],"{'Budget': '$1,300,000 (estimated)', 'Cumulative Worldwide Gross': '$7,638,468'}",94,"['Crime', 'Drama']"
1832382,Jodaeiye Nader az Simin,2011,115,8.3,['123'],"{'Budget': '$500,000 (estimated)', 'Opening Weekend Iran': '$100,000, 19 Mar 2011', 'Cumulative Worldwide Gross': '$24,426,169'}",95,['Drama']
0017136,Metropolis,1927,116,8.3,['153'],"{'Budget': 'DEM6,000,000 (estimated)'}",98,"['Drama', 'Sci-Fi']"
0119488,L.A. Confidential,1997,117,8.2,['138'],"{'Budget': '$35,000,000 (estimated)', 'Opening Weekend United States': '$5,211,198, 21 Sep 1997', 'Cumulative Worldwide Gross': '$126,216,940'}",90,"['Crime', 'Drama', 'Mystery', 'Thriller']"
0095016,Die Hard,1988,118,8.2,['132'],"{'Budget': '$28,000,000 (estimated)', 'Opening Weekend United States': '$601,851, 17 Jul 1988', 'Cumulative Worldwide Gross': '$140,767,956'}",72,"['Action', 'Thriller']"
0208092,Snatch,2000,119,8.2,['104'],"{'Budget': 'GBP6,000,000 (estimated)', 'Opening Weekend United Kingdom': 'GBP3,180,002, 03 Sep 2000', 'Cumulative Worldwide Gross': '$83,557,872'}",55,"['Comedy', 'Crime']"
0040522,Ladri di biciclette,1948,120,8.3,['89'],"{'Budget': '$133,000 (estimated)', 'Cumulative Worldwide Gross': '$297,218'}",,['Drama']
0097576,Indiana Jones and the Last Crusade,1989,121,8.2,['127'],"{'Budget': '$48,000,000 (estimated)', 'Opening Weekend United States': '$29,400,000', 'Cumulative Worldwide Gross': '$474,171,806, 16 Jun 2012'}",65,"['Action', 'Adventure']"
0986264,Taare Zameen Par,2007,122,8.4,['165'],"{'Cumulative Worldwide Gross': '$21,897,373'}",,"['Drama', 'Family']"
8579674,1917,2019,123,8.2,['119'],"{'Budget': '$100,000,000 (estimated)', 'Cumulative Worldwide Gross': '$368,027,644'}",78,"['Action', 'Drama', 'War']"
0363163,Der Untergang,2004,124,8.2,['156'],"{'Budget': 'EUR13,500,000 (estimated)', 'Opening Weekend Germany': '$3,540,118, 17 Sep 2004', 'Cumulative Worldwide Gross': '$92,180,910, 02 Nov 2013'}",82,"['Biography', 'Drama', 'History', 'War']"
0059578,Per qualche dollaro in più,1965,125,8.2,['132'],"{'Budget': '$600,000 (estimated)'}",74,['Western']
5074352,Dangal,2016,126,8.3,['161'],"{'Budget': 'INR700,000,000 (estimated)', 'Opening Weekend India': 'INR1,497,300,000, 25 Dec 2016', 'Cumulative Worldwide Gross': '$310,000,000, 27 Jun 2017'}",,"['Action', 'Biography', 'Drama', 'Sport']"
0372784,Batman Begins,2005,127,8.2,['140'],"{'Budget': '$150,000,000 (estimated)', 'Opening Weekend United States': '$48,745,440, 19 Jun 2005', 'Cumulative Worldwide Gross': '$374,218,673'}",70,"['Action', 'Crime', 'Drama']"
0012349,The Kid,1921,128,8.3,['68'],"{'Budget': '$250,000 (estimated)'}",,"['Comedy', 'Drama', 'Family']"
0053291,Some Like It Hot,1959,129,8.2,['121'],"{'Budget': '$2,883,848 (estimated)', 'Cumulative Worldwide Gross': '$1,039,935'}",98,"['Comedy', 'Music', 'Romance']"
10272386,The Father,2020,130,8.2,['97'],"{'Budget': '$6,000,000 (estimated)'}",88,"['Drama', 'Mystery']"
0042192,All About Eve,1950,131,8.2,['138'],"{'Budget': '$1,400,000 (estimated)', 'Opening Weekend United States': '$10,177, 08 Oct 2000'}",98,['Drama']
6966692,Green Book,2018,132,8.2,['130'],"{'Budget': '$23,000,000 (estimated)', 'Opening Weekend United States': '$5,501,520, 21 Nov 2018', 'Cumulative Worldwide Gross': '$322,720,649'}",69,"['Biography', 'Comedy', 'Drama', 'Music']"
0993846,The Wolf of Wall Street,2013,133,8.2,['180'],"{'Budget': '$100,000,000 (estimated)', 'Opening Weekend United States': '$18,361,578, 27 Dec 2013', 'Cumulative Worldwide Gross': '$392,000,694'}",75,"['Biography', 'Comedy', 'Crime', 'Drama']"
0055031,Judgment at Nuremberg,1961,134,8.3,['179'],"{'Budget': '$3,000,000 (estimated)'}",60,"['Drama', 'War']"
0089881,Ran,1985,135,8.2,['162'],"{'Budget': '$11,500,000 (estimated)'}",96,"['Action', 'Drama', 'War']"
0112641,Casino,1995,136,8.2,['178'],"{'Budget': '$52,000,000 (estimated)', 'Opening Weekend United States': '$9,946,480, 14 Apr 1995'}",73,"['Crime', 'Drama']"
0457430,El laberinto del fauno,2006,137,8.2,['118'],"{'Budget': 'EUR13,500,000 (estimated)', 'Opening Weekend Mexico': '$501,691, 03 Nov 2006', 'Cumulative Worldwide Gross': '$87,041,569'}",98,"['Drama', 'Fantasy', 'War']"
0105695,Unforgiven,1992,138,8.2,['130'],"{'Budget': '$14,400,000 (estimated)', 'Opening Weekend United States': '$15,018,007, 09 Aug 1992', 'Cumulative Worldwide Gross': '$159,157,447'}",85,"['Drama', 'Western']"
0469494,There Will Be Blood,2007,139,8.2,['158'],"{'Budget': '$25,000,000 (estimated)', 'Opening Weekend United States': '$302,845, 30 Dec 2007', 'Cumulative Worldwide Gross': '$77,208,711'}",93,['Drama']
0120382,The Truman Show,1998,140,8.2,['103'],"{'Budget': '$60,000,000 (estimated)', 'Opening Weekend United States': '$31,542,121, 07 Jun 1998', 'Cumulative Worldwide Gross': '$264,118,201'}",90,"['Comedy', 'Drama']"
0167404,The Sixth Sense,1999,141,8.2,['107'],"{'Budget': '$40,000,000 (estimated)', 'Opening Weekend United States': '$26,681,262, 08 Aug 1999', 'Cumulative Worldwide Gross': '$672,806,292'}",64,"['Drama', 'Mystery', 'Thriller']"
0268978,A Beautiful Mind,2001,142,8.2,['135'],"{'Budget': '$58,000,000 (estimated)', 'Opening Weekend United States': '$2,501,096, 23 Dec 2001', 'Cumulative Worldwide Gross': '$313,542,341'}",72,"['Biography', 'Drama']"
1130884,Shutter Island,2010,143,8.2,['138'],"{'Budget': '$80,000,000 (estimated)', 'Opening Weekend United States': '$41,062,440, 21 Feb 2010', 'Cumulative Worldwide Gross': '$294,804,195, 10 Jun 2010'}",63,"['Mystery', 'Thriller']"
0055630,Yôjinbô,1961,144,8.2,['110'],"{'Cumulative Worldwide Gross': '$916,667'}",93,"['Action', 'Drama', 'Thriller']"
0071853,Monty Python and the Holy Grail,1975,145,8.2,['91'],"{'Budget': 'GBP229,575 (estimated)', 'Cumulative Worldwide Gross': '$5,028,948'}",91,"['Adventure', 'Comedy', 'Fantasy']"
10872600,Spider-Man: No Way Home,2021,147,8.3,['148'],"{'Budget': '$200,000,000 (estimated)', 'Cumulative Worldwide Gross': '$1,892,747,988'}",71,"['Action', 'Adventure', 'Fantasy', 'Sci-Fi']"
0040897,The Treasure of the Sierra Madre,1948,146,8.2,['126'],"{'Budget': '$3,000,000 (estimated)'}",98,"['Adventure', 'Drama', 'Western']"
0107290,Jurassic Park,1993,148,8.2,['127'],"{'Budget': '$63,000,000 (estimated)', 'Opening Weekend United States': '$18,620,145, 07 Apr 2013', 'Cumulative Worldwide Gross': '$1,029,153,882'}",68,"['Action', 'Adventure', 'Sci-Fi', 'Thriller']"
0057115,The Great Escape,1963,149,8.2,['172'],"{'Budget': '$4,000,000 (estimated)'}",86,"['Adventure', 'Drama', 'History', 'Thriller', 'War']"
0042876,Rashômon,1950,150,8.2,['88'],"{'Budget': '$250,000 (estimated)'}",98,"['Crime', 'Drama', 'Mystery']"
0266697,Kill Bill: Vol. 1,2003,151,8.2,['111'],"{'Budget': '$30,000,000 (estimated)', 'Opening Weekend United States': '$22,089,322, 12 Oct 2003', 'Cumulative Worldwide Gross': '$180,949,045, 28 May 2012'}",69,"['Action', 'Crime', 'Drama', 'Thriller']"
0477348,No Country for Old Men,2007,152,8.2,['122'],"{'Budget': '$25,000,000 (estimated)', 'Opening Weekend United States': '$1,226,333, 11 Nov 2007', 'Cumulative Worldwide Gross': '$171,627,166'}",92,"['Crime', 'Drama', 'Thriller']"
0266543,Finding Nemo,2003,153,8.2,['100'],"{'Budget': '$94,000,000 (estimated)', 'Opening Weekend United States': '$16,687,773, 16 Sep 2012', 'Cumulative Worldwide Gross': '$936,743,261'}",90,"['Animation', 'Adventure', 'Comedy', 'Family']"
0084787,The Thing,1982,154,8.2,['109'],"{'Budget': '$15,000,000 (estimated)', 'Opening Weekend United States': '$3,107,897, 02 Jul 1982', 'Cumulative Worldwide Gross': '$7,821,228'}",57,"['Horror', 'Mystery', 'Sci-Fi']"
0080678,The Elephant Man,1980,155,8.2,['124'],"{'Budget': '$5,000,000 (estimated)'}",78,"['Biography', 'Drama']"
0071315,Chinatown,1974,156,8.2,['130'],"{'Budget': '$6,000,000 (estimated)'}",92,"['Drama', 'Mystery', 'Thriller']"
0081398,Raging Bull,1980,157,8.2,['129'],"{'Budget': '$18,000,000 (estimated)', 'Opening Weekend United States': '$13,568, 30 Jan 2005'}",89,"['Biography', 'Drama', 'Sport']"
0031381,Gone with the Wind,1939,158,8.2,['238'],"{'Budget': '$3,977,000 (estimated)', 'Opening Weekend United States': '$1,192,593, 28 Jun 1998', 'Cumulative Worldwide Gross': '$400,176,459'}",97,"['Drama', 'Romance', 'War']"
0434409,V for Vendetta,2005,159,8.2,['132'],"{'Budget': '$54,000,000 (estimated)', 'Opening Weekend United States': '$25,642,640, 19 Mar 2006', 'Cumulative Worldwide Gross': '$132,511,035, 06 Jul 2012'}",62,"['Action', 'Drama', 'Sci-Fi', 'Thriller']"
2096673,Inside Out,2015,160,8.2,['95'],"{'Budget': '$175,000,000 (estimated)', 'Opening Weekend United States': '$90,440,272, 21 Jun 2015', 'Cumulative Worldwide Gross': '$857,611,174'}",94,"['Animation', 'Adventure', 'Comedy', 'Drama', 'Family', 'Fantasy']"
0120735,"Lock, Stock and Two Smoking Barrels",1998,161,8.2,['107'],"{'Budget': 'GBP960,000 (estimated)', 'Opening Weekend United Kingdom': 'GBP941,638, 30 Aug 1998', 'Cumulative Worldwide Gross': '$28,356,188'}",66,"['Action', 'Comedy', 'Crime']"
0046912,Dial M for Murder,1954,162,8.2,['105'],"{'Budget': '$1,400,000 (estimated)', 'Opening Weekend United States': '$12,562, 11 Apr 1999', 'Cumulative Worldwide Gross': '$6,540,000'}",75,"['Crime', 'Thriller']"
1305806,El secreto de sus ojos,2009,163,8.2,['129'],"{'Budget': '$2,000,000 (estimated)', 'Opening Weekend Argentina': 'ARS2,883,567, 16 Aug 2009', 'Cumulative Worldwide Gross': '$40,527,719'}",80,"['Drama', 'Mystery', 'Romance', 'Thriller']"
0347149,Hauru no ugoku shiro,2004,164,8.2,['119'],"{'Budget': '$24,000,000 (estimated)', 'Opening Weekend Japan': 'JPY1,444,469,305, 21 Nov 2004', 'Cumulative Worldwide Gross': '$235,184,110'}",80,"['Animation', 'Adventure', 'Family', 'Fantasy']"
0050212,The Bridge on the River Kwai,1957,165,8.2,['161'],"{'Budget': '$3,000,000 (estimated)', 'Cumulative Worldwide Gross': '$2,760,714'}",87,"['Adventure', 'Drama', 'War']"
5027774,"Three Billboards Outside Ebbing, Missouri",2017,166,8.1,['115'],"{'Budget': '$15,000,000 (estimated)', 'Cumulative Worldwide Gross': '$160,191,915'}",88,"['Comedy', 'Crime', 'Drama']"
0117951,Trainspotting,1996,167,8.1,['93'],"{'Budget': 'GBP1,500,000 (estimated)', 'Opening Weekend United Kingdom': 'GBP4,703,433, 15 Mar 1996', 'Cumulative Worldwide Gross': '$71,558,971'}",83,['Drama']
1291584,Warrior,2011,168,8.2,['140'],"{'Budget': '$25,000,000 (estimated)', 'Opening Weekend United States': '$5,242,107, 11 Sep 2011', 'Cumulative Worldwide Gross': '$24,215,385, 03 Nov 2011'}",71,"['Action', 'Drama', 'Sport']"
0116282,Fargo,1996,169,8.1,['98'],"{'Budget': '$7,000,000 (estimated)', 'Opening Weekend United States': '$137,301, 19 Jul 1996', 'Cumulative Worldwide Gross': '$36,000,000'}",85,"['Crime', 'Thriller']"
1205489,Gran Torino,2008,170,8.1,['116'],"{'Budget': '$33,000,000 (estimated)', 'Cumulative Worldwide Gross': '$269,958,228, 18 Jun 2009'}",72,['Drama']
1392214,Prisoners,2013,171,8.1,['153'],"{'Budget': '$46,000,000 (estimated)', 'Opening Weekend United States': '$20,817,053, 22 Sep 2013', 'Cumulative Worldwide Gross': '$122,126,687, 12 Jan 2014'}",70,"['Crime', 'Drama', 'Mystery', 'Thriller']"
0096283,Tonari no Totoro,1988,172,8.1,['86'],"{'Budget': '$3,700,000 (estimated)', 'Cumulative Worldwide Gross': '$4,729,463'}",86,"['Animation', 'Comedy', 'Family', 'Fantasy']"
0264464,Catch Me If You Can,2002,173,8.1,['141'],"{'Budget': '$52,000,000 (estimated)', 'Opening Weekend United States': '$30,082,000, 29 Dec 2002', 'Cumulative Worldwide Gross': '$352,114,312'}",75,"['Biography', 'Crime', 'Drama']"
0405159,Million Dollar Baby,2004,174,8.1,['132'],"{'Budget': '$30,000,000 (estimated)', 'Opening Weekend United States': '$179,953, 19 Dec 2004', 'Cumulative Worldwide Gross': '$216,763,646'}",86,"['Drama', 'Sport']"
0118849,Bacheha-Ye aseman,1997,175,8.2,['89'],"{'Budget': '$180,000 (estimated)', 'Cumulative Worldwide Gross': '$1,628,579'}",77,"['Drama', 'Family', 'Sport']"
0083658,Blade Runner,1982,176,8.1,['117'],"{'Budget': '$28,000,000 (estimated)', 'Opening Weekend United States': '$89,150, 07 Oct 2007'}",84,"['Action', 'Drama', 'Sci-Fi', 'Thriller']"
0015864,The Gold Rush,1925,177,8.2,['95'],"{'Budget': '$923,000 (estimated)'}",,"['Adventure', 'Comedy', 'Drama', 'Romance', 'Western']"
0047296,On the Waterfront,1954,178,8.1,['108'],"{'Budget': '$910,000 (estimated)', 'Cumulative Worldwide Gross': '$678,960'}",91,"['Crime', 'Drama', 'Thriller']"
0112471,Before Sunrise,1995,179,8.1,['101'],"{'Budget': '$2,500,000 (estimated)', 'Opening Weekend United States': '$1,423,537, 29 Jan 1995', 'Cumulative Worldwide Gross': '$22,600,000'}",77,"['Drama', 'Romance']"
2024544,12 Years a Slave,2013,180,8.1,['134'],"{'Budget': '$20,000,000 (estimated)', 'Opening Weekend United States': '$923,715, 20 Oct 2013', 'Cumulative Worldwide Gross': '$187,733,202'}",96,"['Biography', 'Drama', 'History']"
1201607,Harry Potter and the Deathly Hallows - Part 2,2011,181,8.1,['130'],"{'Budget': '$125,000,000 (estimated)', 'Cumulative Worldwide Gross': '$1,341,511,219, 27 Apr 2013'}",85,"['Adventure', 'Family', 'Fantasy', 'Mystery']"
0052618,Ben-Hur,1959,182,8.1,['212'],"{'Budget': '$15,900,000 (estimated)', 'Cumulative Worldwide Gross': '$196,200,000'}",90,"['Adventure', 'Drama']"
0050986,Smultronstället,1957,183,8.1,['91'],,88,"['Drama', 'Romance']"
2267998,Gone Girl,2014,184,8.1,['149'],"{'Budget': '$61,000,000 (estimated)', 'Opening Weekend United States': '$37,513,109, 05 Oct 2014', 'Cumulative Worldwide Gross': '$369,330,363'}",79,"['Drama', 'Mystery', 'Thriller']"
0041959,The Third Man,1949,185,8.1,['104'],"{'Opening Weekend United Kingdom': 'GBP17,856, 18 Jul 1999'}",97,"['Film-Noir', 'Mystery', 'Thriller']"
0017925,The General,1926,186,8.2,['67'],"{'Budget': '$750,000 (estimated)', 'Cumulative Worldwide Gross': '$2,180,000, 31 Dec 1927'}",,"['Action', 'Adventure', 'Comedy', 'Drama', 'War']"
2278388,The Grand Budapest Hotel,2014,187,8.1,['99'],"{'Budget': '$25,000,000 (estimated)', 'Opening Weekend United States': '$811,166, 09 Mar 2014', 'Cumulative Worldwide Gross': '$174,600,318'}",88,"['Adventure', 'Comedy', 'Crime']"
0077416,The Deer Hunter,1978,188,8.1,['183'],"{'Budget': '$15,000,000 (estimated)'}",86,"['Drama', 'War']"
0107207,In the Name of the Father,1993,189,8.1,['133'],"{'Budget': '$13,000,000 (estimated)'}",84,"['Biography', 'Crime', 'Drama']"
4729430,Klaus,2019,190,8.1,['96'],"{'Budget': '$40,000,000 (estimated)'}",65,"['Animation', 'Adventure', 'Comedy', 'Family', 'Fantasy']"
0072684,Barry Lyndon,1975,191,8.1,['185'],"{'Budget': '$11,000,000 (estimated)'}",89,"['Adventure', 'Drama', 'War']"
0046268,Le salaire de la peur,1953,192,8.2,['131'],,85,"['Adventure', 'Drama', 'Thriller']"
2119532,Hacksaw Ridge,2016,193,8.1,['139'],"{'Budget': '$40,000,000 (estimated)', 'Cumulative Worldwide Gross': '$175,302,354'}",71,"['Biography', 'Drama', 'History', 'War']"
0015324,Sherlock Jr.,1924,194,8.2,['45'],,,"['Action', 'Comedy', 'Romance']"
0031679,Mr. Smith Goes to Washington,1939,195,8.1,['129'],"{'Budget': '$1,500,000 (estimated)'}",73,"['Comedy', 'Drama']"
0353969,Salinui chueok,2003,196,8.1,['131'],"{'Budget': '$2,800,000 (estimated)'}",82,"['Crime', 'Drama', 'Mystery', 'Thriller']"
3011894,Relatos salvajes,2014,197,8.1,['122'],"{'Budget': '$3,300,000 (estimated)', 'Cumulative Worldwide Gross': '$36,353,750'}",77,"['Comedy', 'Drama', 'Thriller']"
0050976,Det sjunde inseglet,1957,198,8.1,['96'],"{'Budget': '$150,000 (estimated)'}",88,"['Drama', 'Fantasy']"
1392190,Mad Max: Fury Road,2015,199,8.1,['120'],"{'Budget': '$150,000,000 (estimated)', 'Cumulative Worldwide Gross': '$378,436,354'}",90,"['Action', 'Adventure', 'Sci-Fi', 'Thriller']"
3170832,Room,2015,200,8.1,['118'],"{'Budget': '$13,000,000 (estimated)', 'Cumulative Worldwide Gross': '$36,262,783'}",86,"['Drama', 'Thriller']"
0978762,Mary and Max.,2009,201,8.1,['92'],"{'Budget': 'AUD8,240,000 (estimated)', 'Opening Weekend Australia': 'AUD156,169, 09 Apr 2009', 'Cumulative Worldwide Gross': '$1,739,445'}",,"['Animation', 'Comedy', 'Drama']"
0892769,How to Train Your Dragon,2010,202,8.1,['98'],"{'Budget': '$165,000,000 (estimated)', 'Opening Weekend United States': '$43,732,319, 28 Mar 2010', 'Cumulative Worldwide Gross': '$494,878,759, 22 Jul 2010'}",75,"['Animation', 'Action', 'Adventure', 'Comedy', 'Family', 'Fantasy']"
0198781,"Monsters, Inc.",2001,203,8.1,['92'],"{'Budget': '$115,000,000 (estimated)', 'Opening Weekend United States': '$5,040,000, 23 Dec 2012', 'Cumulative Worldwide Gross': '$562,816,256'}",79,"['Animation', 'Adventure', 'Comedy', 'Family', 'Fantasy']"
0118715,The Big Lebowski,1998,204,8.1,['117'],"{'Budget': '$15,000,000 (estimated)', 'Opening Weekend United States': '$5,533,844, 08 Mar 1998', 'Cumulative Worldwide Gross': '$46,189,568'}",71,"['Comedy', 'Crime']"
0073195,Jaws,1975,205,8.1,['124'],"{'Budget': '$9,000,000 (estimated)', 'Opening Weekend United States': '$7,061,513, 22 Jun 1975', 'Cumulative Worldwide Gross': '$470,653,000'}",87,"['Adventure', 'Thriller']"
0097165,Dead Poets Society,1989,206,8.1,['128'],"{'Budget': '$16,400,000 (estimated)', 'Opening Weekend United States': '$340,456, 04 Jun 1989', 'Cumulative Worldwide Gross': '$140,000,000'}",79,"['Comedy', 'Drama']"
0019254,La passion de Jeanne d'Arc,1928,207,8.2,['110'],,,"['Biography', 'Drama', 'History']"
0046438,Tôkyô monogatari,1953,208,8.2,['136'],,,['Drama']
0395169,Hotel Rwanda,2004,209,8.1,['121'],"{'Budget': '$17,500,000 (estimated)', 'Opening Weekend United Kingdom': 'GBP381,601, 04 Mar 2005', 'Cumulative Worldwide Gross': '$36,532,987'}",79,"['Biography', 'Drama', 'History', 'War']"
1950186,Ford v Ferrari,2019,210,8.1,['152'],"{'Budget': '$97,600,000 (estimated)', 'Cumulative Worldwide Gross': '$225,507,881'}",81,"['Action', 'Biography', 'Drama', 'Sport']"
0075148,Rocky,1976,211,8.1,['120'],"{'Budget': '$960,000 (estimated)', 'Opening Weekend United States': '$5,000,000, 05 Dec 1976', 'Cumulative Worldwide Gross': '$225,000,000'}",70,"['Drama', 'Sport']"
0091763,Platoon,1986,212,8.1,['120'],"{'Budget': '$6,000,000 (estimated)', 'Opening Weekend United States': '$241,080, 21 Dec 1986'}",92,"['Drama', 'War']"
1895587,Spotlight,2015,213,8.1,['129'],"{'Budget': '$20,000,000 (estimated)', 'Opening Weekend United States': '$295,009, 08 Nov 2015', 'Cumulative Worldwide Gross': '$98,275,238'}",93,"['Biography', 'Crime', 'Drama']"
0088247,The Terminator,1984,214,8.1,['107'],"{'Budget': '$6,400,000 (estimated)', 'Cumulative Worldwide Gross': '$40,000,000'}",84,"['Action', 'Sci-Fi']"
0092005,Stand by Me,1986,215,8.1,['89'],"{'Budget': '$8,000,000 (estimated)', 'Opening Weekend United States': '$242,795, 16 Nov 1986'}",75,"['Adventure', 'Drama']"
3315342,Logan,2017,216,8.1,['137'],"{'Budget': '$97,000,000 (estimated)', 'Opening Weekend United States': '$88,411,916, 05 Mar 2017', 'Cumulative Worldwide Gross': '$619,021,436'}",77,"['Action', 'Drama', 'Sci-Fi', 'Thriller']"
0382932,Ratatouille,2007,217,8.1,['111'],"{'Budget': '$150,000,000 (estimated)', 'Opening Weekend United States': '$47,027,395, 01 Jul 2007', 'Cumulative Worldwide Gross': '$623,722,818, 13 Dec 2007'}",96,"['Animation', 'Adventure', 'Comedy', 'Family', 'Fantasy']"
1979320,Rush,2013,218,8.1,['123'],"{'Budget': '$38,000,000 (estimated)', 'Cumulative Worldwide Gross': '$90,247,624'}",74,"['Action', 'Biography', 'Drama', 'Sport']"
0048473,Pather Panchali,1955,219,8.3,['125'],"{'Cumulative Worldwide Gross': 'INR100,000,000'}",,['Drama']
0074958,Network,1976,220,8.1,['121'],"{'Budget': '$3,800,000 (estimated)', 'Cumulative Worldwide Gross': '$1,250,675'}",83,['Drama']
0758758,Into the Wild,2007,221,8.1,['148'],"{'Budget': '$15,000,000 (estimated)', 'Opening Weekend United States': '$212,440, 23 Sep 2007', 'Cumulative Worldwide Gross': '$56,255,142, 27 Mar 2008'}",73,"['Adventure', 'Biography', 'Drama']"
0032138,The Wizard of Oz,1939,222,8.1,['102'],"{'Budget': '$2,800,000 (estimated)', 'Opening Weekend United States': '$1,211,474, 27 Jan 2019'}",92,"['Adventure', 'Family', 'Fantasy', 'Musical']"
0381681,Before Sunset,2004,223,8.1,['80'],"{'Budget': '$2,700,000 (estimated)', 'Opening Weekend United States': '$311,194, 04 Jul 2004', 'Cumulative Worldwide Gross': '$15,992,615'}",90,"['Drama', 'Romance']"
0107048,Groundhog Day,1993,224,8.1,['101'],"{'Budget': '$14,600,000 (estimated)', 'Opening Weekend United States': '$14,652,108, 15 Feb 1993'}",72,"['Comedy', 'Drama', 'Fantasy', 'Romance']"
0070047,The Exorcist,1973,225,8.1,['122'],"{'Budget': '$12,000,000 (estimated)', 'Opening Weekend United States': '$8,157,666, 24 Sep 2000', 'Cumulative Worldwide Gross': '$441,306,145'}",81,['Horror']
0036868,The Best Years of Our Lives,1946,226,8.1,['170'],"{'Budget': '$2,100,000 (estimated)', 'Cumulative Worldwide Gross': '$44,309,982'}",93,"['Drama', 'Romance', 'War']"
0317705,The Incredibles,2004,227,8.0,['115'],"{'Budget': '$92,000,000 (estimated)', 'Opening Weekend United States': '$70,467,623, 07 Nov 2004', 'Cumulative Worldwide Gross': '$631,442,092'}",90,"['Animation', 'Action', 'Adventure', 'Family']"
0035446,To Be or Not to Be,1942,228,8.2,['99'],,86,"['Comedy', 'Romance', 'War']"
0058946,La battaglia di Algeri,1966,229,8.1,['121'],"{'Budget': '$800,000 (estimated)'}",96,"['Drama', 'War']"
1028532,Hachi: A Dog's Tale,2009,230,8.1,['93'],"{'Budget': '$16,000,000 (estimated)', 'Opening Weekend United Kingdom': 'GBP442,753, 14 Mar 2010', 'Cumulative Worldwide Gross': '$47,707,417'}",,"['Biography', 'Drama', 'Family']"
0113247,La haine,1995,231,8.1,['98'],"{'Budget': 'EUR2,590,000 (estimated)'}",,"['Crime', 'Drama']"
0325980,Pirates of the Caribbean: The Curse of the Black Pearl,2003,232,8.1,['143'],"{'Budget': '$140,000,000 (estimated)', 'Opening Weekend United States': '$46,630,690, 13 Jul 2003', 'Cumulative Worldwide Gross': '$654,264,015, 11 Jan 2012'}",63,"['Action', 'Adventure', 'Fantasy']"
15097216,Jai Bhim,2021,233,8.8,['164'],,,"['Crime', 'Drama', 'Mystery']"
0032551,The Grapes of Wrath,1940,234,8.1,['129'],"{'Budget': '$800,000 (estimated)'}",96,['Drama']
0032976,Rebecca,1940,235,8.1,['130'],"{'Budget': '$1,288,000 (estimated)', 'Cumulative Worldwide Gross': '$7,592,465'}",86,"['Drama', 'Film-Noir', 'Mystery', 'Romance', 'Thriller']"
0245712,Amores perros,2000,236,8.1,['154'],"{'Budget': '$2,000,000 (estimated)'}",83,"['Drama', 'Thriller']"
0476735,Babam ve Oglum,2005,237,8.2,['112'],"{'Opening Weekend Turkey': '$959,727, 02 Dec 2005', 'Cumulative Worldwide Gross': '$18,612,999'}",,"['Drama', 'Family']"
0061512,Cool Hand Luke,1967,238,8.1,['127'],"{'Budget': '$3,200,000 (estimated)'}",92,"['Crime', 'Drama']"
0053198,Les quatre cents coups,1959,239,8.1,['99'],"{'Cumulative Worldwide Gross': '$1,031,132'}",,"['Crime', 'Drama']"
4016934,Ah-ga-ssi,2016,240,8.1,['145'],"{'Budget': 'KRW10,000,000,000 (estimated)', 'Cumulative Worldwide Gross': '$38,550,494'}",84,"['Drama', 'Romance', 'Thriller']"
0060827,Persona,1966,241,8.1,['85'],,86,"['Drama', 'Thriller']"
0025316,It Happened One Night,1934,242,8.1,['105'],"{'Budget': '$325,000 (estimated)'}",87,"['Comedy', 'Romance']"
0059742,The Sound of Music,1965,243,8.1,['172'],"{'Budget': '$8,200,000 (estimated)', 'Cumulative Worldwide Gross': '$286,214,286'}",63,"['Biography', 'Drama', 'Family', 'Musical', 'Romance']"
0079470,Life of Brian,1979,244,8.0,['94'],"{'Budget': '$4,000,000 (estimated)', 'Cumulative Worldwide Gross': '$36,045,115'}",77,['Comedy']
6710474,Everything Everywhere All at Once,2022,245,8.1,['139'],"{'Budget': '$25,000,000 (estimated)'}",81,"['Action', 'Adventure', 'Comedy', 'Fantasy', 'Sci-Fi']"
0071411,Dersu Uzala,1975,246,8.2,['142'],"{'Budget': '$4,000,000 (estimated)'}",,"['Adventure', 'Biography', 'Drama']"
0103639,Aladdin,1992,247,8.0,['90'],"{'Budget': '$28,000,000 (estimated)', 'Opening Weekend United States': '$196,664, 15 Nov 1992', 'Cumulative Worldwide Gross': '$504,050,219'}",86,"['Animation', 'Adventure', 'Comedy', 'Family', 'Fantasy', 'Musical', 'Romance']"
0129167,The Iron Giant,1999,248,8.1,['86'],"{'Budget': '$48,000,000 (estimated)', 'Opening Weekend United States': '$5,732,614, 08 Aug 1999', 'Cumulative Worldwide Gross': '$80,000,000'}",85,"['Animation', 'Action', 'Adventure', 'Comedy', 'Drama', 'Family', 'Sci-Fi']"
1454029,The Help,2011,249,8.1,['146'],"{'Budget': '$25,000,000 (estimated)', 'Opening Weekend United States': '$26,044,590, 14 Aug 2011', 'Cumulative Worldwide Gross': '$216,639,112'}",62,['Drama']
0083987,Gandhi,1982,250,8.1,['191'],"{'Budget': '$22,000,000 (estimated)', 'Cumulative Worldwide Gross': '$127,767,889'}",79,"['Biography', 'Drama', 'History']"
